village,district,state,N,P,K,pH,OC,B,Fe,Zn,S,Temperature,Humidity,Rainfall_monthly,cycle,district_code,state_code,farms_averaged
Atargaon,Balod,Chhattisgarh,175.62,10.3,363.32,6.92,0.62,0.56,25.44,0.75,8.75,27.0,72,130,2024-25,646,22,2
Bodal,Balod,Chhattisgarh,238.34,9.56,620.04,6.61,0.64,0.86,28.87,1.07,7.9,27.0,72,130,2024-25,646,22,12
Borgaon,Balod,Chhattisgarh,243.1,30.2,441.21,5.56,0.41,0.53,36.35,0.64,9.84,27.0,72,130,2024-25,646,22,8
Dengrapar,Balod,Chhattisgarh,319.87,23.72,358.87,6.83,0.68,1.68,15.14,0.91,8.12,27.0,72,130,2024-25,646,22,4
Hitkasa,Balod,Chhattisgarh,235.83,16.26,345.36,6.47,0.78,0.75,36.06,0.7,6.5,27.0,72,130,2024-25,646,22,5
Jarwai,Balod,Chhattisgarh,236.25,12.84,277.05,7.1,0.58,0.88,25.79,0.82,10.42,27.0,72,130,2024-25,646,22,6
Kotera,Balod,Chhattisgarh,263.11,13.03,604.98,5.93,0.7,0.4,34.59,0.6,8.27,27.0,72,130,2024-25,646,22,13
Pakur Bhat,Balod,Chhattisgarh,263.42,21.32,309.97,6.79,0.64,0.58,13.63,0.31,10.75,27.0,72,130,2024-25,646,22,5
Pangri,Balod,Chhattisgarh,279.81,18.8,443.48,6.94,0.4,1.15,20.42,0.89,4.6,27.0,72,130,2024-25,646,22,13
Piparchhedi,Balod,Chhattisgarh,302.31,26.88,488.27,6.22,0.72,1.03,17.3,0.37,11.38,27.0,72,130,2024-25,646,22,10
Piparkhar,Balod,Chhattisgarh,259.61,11.41,328.01,6.57,0.52,0.81,33.65,1.0,5.92,27.0,72,130,2024-25,646,22,23
Saja,Balod,Chhattisgarh,261.63,11.0,385.97,6.75,0.83,0.61,32.66,0.64,9.29,27.0,72,130,2024-25,646,22,7
Taroud,Balod,Chhattisgarh,254.46,25.09,328.46,6.39,0.5,0.65,17.89,0.48,11.61,27.0,72,130,2024-25,646,22,7
Achankpur,Baloda Bazar,Chhattisgarh,288.57,13.44,290.08,6.4,0.35,0.2,4.33,0.44,37.5,27.0,72,130,2025-26,644,22,1
Arjuni,Baloda Bazar,Chhattisgarh,217.43,16.57,336.52,7.02,0.41,0.43,12.43,0.52,25.04,27.0,72,130,2025-26,644,22,6
Basin,Baloda Bazar,Chhattisgarh,163.07,9.86,496.16,7.2,0.28,0.1,8.42,0.16,32.5,27.0,72,130,2025-26,644,22,1
Basinpali,Baloda Bazar,Chhattisgarh,125.44,11.65,278.88,6.2,0.52,0.2,27.17,0.64,37.5,27.0,72,130,2025-26,644,22,1
Deori,Baloda Bazar,Chhattisgarh,190.84,18.14,358.52,6.8,0.66,0.29,10.23,0.58,26.47,27.0,72,130,2025-26,644,22,28
Dhekuna,Baloda Bazar,Chhattisgarh,171.43,7.76,386.96,7.52,0.44,0.47,10.36,0.74,58.75,27.0,72,130,2025-26,644,22,6
Jarve,Baloda Bazar,Chhattisgarh,172.98,14.11,422.59,7.12,0.51,0.25,14.1,0.53,30.0,27.0,72,130,2025-26,644,22,4
Sakri,Baloda Bazar,Chhattisgarh,206.55,15.38,264.26,6.58,0.41,0.52,8.09,0.46,22.6,27.0,72,130,2025-26,644,22,12
Adhaura,Balrampur,Chhattisgarh,270.95,8.62,235.2,5.51,0.45,0.91,30.09,0.58,26.77,27.0,72,130,2025-26,649,22,5
Bahar Chura (431879),Balrampur,Chhattisgarh,282.24,11.47,254.24,6.96,0.36,0.94,14.14,0.55,37.8,27.0,72,130,2025-26,649,22,2
Bhelwadih,Balrampur,Chhattisgarh,267.9,8.82,279.28,6.39,0.5,0.91,11.94,0.91,18.82,27.0,72,130,2025-26,649,22,14
Dipadih Kalan,Balrampur,Chhattisgarh,188.16,8.24,273.28,6.05,0.35,0.9,25.68,0.47,38.92,27.0,72,130,2025-26,649,22,1
Jargim,Balrampur,Chhattisgarh,313.6,7.8,323.68,5.02,0.64,0.89,34.56,0.41,37.8,27.0,72,130,2025-26,649,22,1
Makad,Balrampur,Chhattisgarh,271.07,6.07,283.32,5.58,0.32,0.83,8.86,0.41,24.29,27.0,72,130,2025-26,649,22,3
Natwarnagar (432344),Balrampur,Chhattisgarh,275.97,8.18,271.41,5.28,0.5,1.0,28.55,0.55,36.03,27.0,72,130,2025-26,649,22,3
Pachawal,Balrampur,Chhattisgarh,188.16,11.47,320.32,6.18,0.26,0.81,8.64,0.68,38.64,27.0,72,130,2025-26,649,22,1
Pachawal (431847),Balrampur,Chhattisgarh,221.61,10.71,255.55,6.32,0.49,0.88,8.85,0.7,36.73,27.0,72,130,2025-26,649,22,12
Pendari,Balrampur,Chhattisgarh,273.68,6.26,257.5,6.18,0.33,1.83,7.67,0.37,25.05,27.0,72,130,2025-26,649,22,6
Tatijhariya (432350),Balrampur,Chhattisgarh,289.9,10.33,289.96,5.12,0.48,0.92,38.84,0.52,33.23,27.0,72,130,2025-26,649,22,9
Tikni,Balrampur,Chhattisgarh,250.88,10.48,324.8,5.1,0.42,0.69,54.28,0.44,24.08,27.0,72,130,2025-26,649,22,1
Alnar,Bastar,Chhattisgarh,257.57,18.46,270.03,5.68,0.45,0.49,12.94,0.56,18.57,27.0,72,130,2024-25,374,22,6
Babusemra,Bastar,Chhattisgarh,238.53,13.61,211.07,6.0,0.49,0.49,16.91,0.66,15.78,27.0,72,130,2024-25,374,22,19
Badrenga,Bastar,Chhattisgarh,272.48,19.84,213.87,5.78,0.51,0.82,27.51,1.05,23.16,27.0,72,130,2024-25,374,22,18
Bakawand,Bastar,Chhattisgarh,296.38,15.83,239.89,5.88,0.55,0.53,26.33,0.82,24.19,27.0,72,130,2024-25,374,22,11
Bastanar,Bastar,Chhattisgarh,267.19,10.43,319.2,6.01,0.58,0.72,10.51,0.63,18.5,27.0,72,130,2024-25,374,22,1
Bhainsgaon,Bastar,Chhattisgarh,234.15,12.76,225.31,5.73,0.47,0.51,38.63,0.58,14.08,27.0,72,130,2024-25,374,22,3
Bhanpuri,Bastar,Chhattisgarh,258.41,15.35,231.5,6.3,0.53,0.56,21.35,0.77,22.04,27.0,72,130,2024-25,374,22,13
Bhond,Bastar,Chhattisgarh,264.04,14.7,156.41,6.14,0.5,0.52,33.64,0.48,19.39,27.0,72,130,2024-25,374,22,8
Chhindgaon,Bastar,Chhattisgarh,259.48,17.52,236.66,6.09,0.52,0.54,20.49,0.68,23.22,27.0,72,130,2024-25,374,22,7
Ghatpadmoor,Bastar,Chhattisgarh,277.22,18.43,283.5,5.94,0.48,0.51,43.7,1.09,6.73,27.0,72,130,2024-25,374,22,16
Gumiyapal,Bastar,Chhattisgarh,254.25,14.28,202.36,6.14,0.5,0.45,46.05,0.67,13.86,27.0,72,130,2024-25,374,22,11
Gunpur,Bastar,Chhattisgarh,292.63,17.26,270.57,6.11,0.63,0.58,22.54,0.67,20.89,27.0,72,130,2024-25,374,22,21
Hathi Darha,Bastar,Chhattisgarh,250.88,16.27,227.44,5.67,0.48,0.45,21.27,1.05,17.51,27.0,72,130,2024-25,374,22,4
Jharumargaon,Bastar,Chhattisgarh,306.07,14.78,127.28,5.69,0.47,0.52,22.91,1.11,17.73,27.0,72,130,2024-25,374,22,5
Kalcha,Bastar,Chhattisgarh,188.16,12.34,322.26,5.78,0.4,0.46,21.14,1.21,19.25,27.0,72,130,2024-25,374,22,2
Katakanda,Bastar,Chhattisgarh,238.33,10.53,177.78,5.51,0.44,0.48,21.97,0.98,20.34,27.0,72,130,2024-25,374,22,3
Kesharpal,Bastar,Chhattisgarh,223.28,17.33,249.64,6.25,0.6,0.58,23.68,0.82,21.76,27.0,72,130,2024-25,374,22,18
Kolawali,Bastar,Chhattisgarh,258.28,20.94,210.65,5.86,0.44,0.52,7.51,0.73,15.04,27.0,72,130,2024-25,374,22,4
Kurenga,Bastar,Chhattisgarh,188.16,15.58,283.24,6.22,0.37,0.46,113.1,0.41,6.38,27.0,72,130,2024-25,374,22,1
Mandar,Bastar,Chhattisgarh,285.99,22.28,250.53,5.87,0.56,0.5,9.31,0.74,20.7,27.0,72,130,2024-25,374,22,10
Matkot,Bastar,Chhattisgarh,273.97,17.36,164.04,5.85,0.48,0.48,22.6,0.65,20.52,27.0,72,130,2024-25,374,22,31
Naharni,Bastar,Chhattisgarh,238.34,7.16,243.04,5.64,0.67,0.73,9.88,0.52,13.0,27.0,72,130,2024-25,374,22,1
Palanar,Bastar,Chhattisgarh,273.56,20.58,154.97,5.84,0.48,0.49,25.63,1.02,17.31,27.0,72,130,2024-25,374,22,8
Parlameta,Bastar,Chhattisgarh,248.43,21.22,187.79,5.96,0.57,0.53,23.75,1.03,16.44,27.0,72,130,2024-25,374,22,21
Pathari,Bastar,Chhattisgarh,242.62,13.73,293.26,6.27,0.56,0.56,21.52,0.65,20.11,27.0,72,130,2024-25,374,22,6
Sanwgel,Bastar,Chhattisgarh,230.31,15.08,189.89,5.8,0.46,0.52,21.35,0.94,17.85,27.0,72,130,2024-25,374,22,14
Satashpur,Bastar,Chhattisgarh,381.43,18.63,196.92,5.93,0.53,0.52,17.22,0.44,18.01,27.0,72,130,2024-25,374,22,83
Sautpur,Bastar,Chhattisgarh,222.71,18.66,202.8,5.76,0.46,0.5,16.69,0.96,16.47,27.0,72,130,2024-25,374,22,34
Tandapal,Bastar,Chhattisgarh,229.97,16.48,159.97,5.89,0.55,0.48,18.03,0.79,0.45,27.0,72,130,2024-25,374,22,3
Tekameta,Bastar,Chhattisgarh,163.07,16.47,93.18,6.07,0.34,0.41,53.91,0.25,26.1,27.0,72,130,2024-25,374,22,4
Titirgaon,Bastar,Chhattisgarh,261.38,12.47,199.95,5.84,0.52,0.5,14.74,0.92,0.46,27.0,72,130,2024-25,374,22,17
Amlidih,Bemetara,Chhattisgarh,211.7,17.53,349.23,7.23,0.63,0.37,5.12,0.4,9.78,27.0,72,130,2024-25,650,22,8
Baghul,Bemetara,Chhattisgarh,150.52,19.66,396.48,7.36,0.69,0.23,5.14,0.31,10.2,27.0,72,130,2024-25,650,22,1
Baijalpur,Bemetara,Chhattisgarh,175.61,15.13,293.44,7.43,0.57,0.38,4.33,0.28,7.4,27.0,72,130,2024-25,650,22,1
Bhikhampur,Bemetara,Chhattisgarh,225.69,16.62,363.1,7.24,0.61,0.38,4.38,0.44,10.56,27.0,72,130,2024-25,650,22,5
Birampur,Bemetara,Chhattisgarh,184.82,14.96,362.81,7.22,0.61,0.36,4.27,0.42,9.81,27.0,72,130,2024-25,650,22,54
Char Bhatha,Bemetara,Chhattisgarh,247.67,17.02,478.36,6.44,0.77,0.94,5.3,0.51,1.85,27.0,72,130,2024-25,650,22,24
Chotmarra,Bemetara,Chhattisgarh,177.64,14.19,353.8,7.05,0.72,0.38,4.54,0.42,9.93,27.0,72,130,2024-25,650,22,31
Ghotmarra,Bemetara,Chhattisgarh,175.61,13.41,374.68,6.9,0.5,0.39,5.31,0.37,7.1,27.0,72,130,2024-25,650,22,1
Godhi Kalan,Bemetara,Chhattisgarh,225.79,16.09,362.51,7.17,0.6,0.36,4.39,0.33,9.7,27.0,72,130,2024-25,650,22,6
Hasda,Bemetara,Chhattisgarh,213.24,13.02,375.24,7.31,0.6,0.39,4.44,0.44,9.77,27.0,72,130,2024-25,650,22,7
Jhal,Bemetara,Chhattisgarh,182.58,11.92,367.78,7.27,0.46,0.38,4.54,0.35,10.14,27.0,72,130,2024-25,650,22,9
Maniyari,Bemetara,Chhattisgarh,169.96,14.08,359.33,7.24,0.52,0.37,4.57,0.41,9.59,27.0,72,130,2024-25,650,22,31
Nawagaon Gahira,Bemetara,Chhattisgarh,227.58,20.56,331.15,7.1,0.6,0.35,4.52,0.43,9.49,27.0,72,130,2024-25,650,22,7
Padmi,Bemetara,Chhattisgarh,203.84,21.23,333.85,7.06,0.67,0.34,4.5,0.47,9.71,27.0,72,130,2024-25,650,22,8
Sagona,Bemetara,Chhattisgarh,210.12,16.41,366.1,7.09,0.64,0.3,5.07,0.39,8.94,27.0,72,130,2024-25,650,22,8
Tendubhatha,Bemetara,Chhattisgarh,188.1,15.77,331.52,7.23,0.75,0.3,4.32,0.37,12.18,27.0,72,130,2024-25,650,22,6
Bengloor,Bijapur,Chhattisgarh,221.61,12.1,345.53,6.89,1.05,0.6,5.72,1.2,10.77,27.0,72,130,2024-25,636,22,3
Bhatpalli,Bijapur,Chhattisgarh,250.88,11.28,121.33,6.56,0.58,0.5,5.22,2.8,9.8,27.0,72,130,2024-25,636,22,1
Bhattiguda,Bijapur,Chhattisgarh,228.34,14.01,215.68,7.12,1.08,0.68,5.74,1.38,11.16,27.0,72,130,2024-25,636,22,5
Cheramangi,Bijapur,Chhattisgarh,192.49,11.39,281.31,6.63,0.74,0.47,4.27,1.34,11.59,27.0,72,130,2024-25,636,22,30
Chilkapalli,Bijapur,Chhattisgarh,178.75,15.11,181.33,6.52,0.31,0.32,5.65,0.81,8.5,27.0,72,130,2024-25,636,22,4
Dharavaram,Bijapur,Chhattisgarh,225.79,11.69,162.02,6.77,1.28,0.57,6.69,1.75,14.8,27.0,72,130,2024-25,636,22,3
Dugaiguda,Bijapur,Chhattisgarh,192.45,12.99,335.09,6.81,0.71,0.5,6.3,0.99,9.7,27.0,72,130,2024-25,636,22,3
Engpalli,Bijapur,Chhattisgarh,225.99,11.28,155.84,6.65,1.32,0.5,5.2,1.2,11.2,27.0,72,130,2024-25,636,22,1
Futkel,Bijapur,Chhattisgarh,212.33,15.29,286.05,343.82,0.61,0.55,5.3,0.92,11.02,27.0,72,130,2024-25,636,22,41
Hirapur,Bijapur,Chhattisgarh,212.41,11.42,220.85,6.56,0.71,0.53,5.53,1.99,11.88,27.0,72,130,2024-25,636,22,104
Palnar,Bijapur,Chhattisgarh,194.27,13.4,339.88,6.64,0.59,0.51,154.51,0.92,9.0,27.0,72,130,2024-25,636,22,33
Papanpal,Bijapur,Chhattisgarh,229.18,23.38,307.21,6.79,0.57,0.37,6.09,1.1,6.35,27.0,72,130,2024-25,636,22,33
Pegdapalli,Bijapur,Chhattisgarh,246.7,16.81,222.07,6.6,0.9,0.6,5.37,0.71,12.93,27.0,72,130,2024-25,636,22,3
Pegdapalli(Basaguda),Bijapur,Chhattisgarh,192.64,14.09,245.46,6.47,0.71,0.51,5.1,0.47,10.32,27.0,72,130,2024-25,636,22,14
Sitanagaram(Jajalguda),Bijapur,Chhattisgarh,222.65,12.4,165.93,6.72,1.0,0.56,6.06,1.12,13.98,27.0,72,130,2024-25,636,22,8
Talnar,Bijapur,Chhattisgarh,238.38,7.7,159.24,6.63,0.63,0.6,7.36,1.2,15.9,27.0,72,130,2024-25,636,22,1
Tunder,Bijapur,Chhattisgarh,221.61,13.53,171.84,4.6,2.4,0.71,4.76,5.57,16.37,27.0,72,130,2024-25,636,22,3
Bharari,Bilaspur,Chhattisgarh,150.0,8.96,425.0,7.2,0.6,6.0,12.58,2.15,12.5,27.0,72,130,2023-24,375,22,1
Bhurkunda,Bilaspur,Chhattisgarh,168.36,8.26,346.64,6.14,0.43,6.0,25.56,1.75,9.61,27.0,72,130,2023-24,375,22,11
Chanadongri,Bilaspur,Chhattisgarh,206.5,9.85,346.5,6.9,0.6,6.5,20.12,2.02,14.0,27.0,72,130,2023-24,375,22,2
Ganiyari,Bilaspur,Chhattisgarh,193.0,14.25,343.57,6.61,0.28,4.71,17.09,1.53,14.82,27.0,72,130,2023-24,375,22,7
Gataura,Bilaspur,Chhattisgarh,187.69,10.07,342.06,8.67,1.6,4.49,33.93,2.67,15.32,27.0,72,130,2023-24,375,22,35
Jhalmala,Bilaspur,Chhattisgarh,181.5,7.17,263.0,6.65,0.38,7.5,36.38,4.15,8.12,27.0,72,130,2023-24,375,22,2
Kauwatal,Bilaspur,Chhattisgarh,206.5,7.62,246.0,7.5,0.38,3.5,34.4,3.82,12.75,27.0,72,130,2023-24,375,22,2
Pipartarai,Bilaspur,Chhattisgarh,248.33,8.21,360.0,6.9,0.44,4.83,10.64,2.47,11.04,27.0,72,130,2023-24,375,22,6
Salkha,Bilaspur,Chhattisgarh,215.53,9.1,320.94,6.97,0.46,5.82,35.06,2.68,8.53,27.0,72,130,2023-24,375,22,17
Semri,Bilaspur,Chhattisgarh,228.78,10.8,379.28,6.44,0.5,4.67,11.47,1.34,12.33,27.0,72,130,2023-24,375,22,18
Sirsaha,Bilaspur,Chhattisgarh,220.6,12.98,284.4,7.38,0.45,5.8,18.02,2.38,12.25,27.0,72,130,2023-24,375,22,5
Badekameli,Dantewada,Chhattisgarh,194.43,11.14,256.78,6.55,1.55,0.32,5.22,0.97,5.8,27.0,72,130,2025-26,376,22,4
Chhote Lakhapal,Dantewada,Chhattisgarh,188.16,12.36,348.24,6.69,0.16,0.9,6.65,1.17,6.5,27.0,72,130,2025-26,376,22,1
Gumda,Dantewada,Chhattisgarh,200.7,5.48,145.23,6.48,0.3,0.1,5.96,0.96,7.9,27.0,72,130,2025-26,376,22,1
Jabeli,Dantewada,Chhattisgarh,196.14,17.47,203.29,6.72,0.45,0.46,5.24,1.07,8.18,27.0,72,130,2025-26,376,22,11
Jaunga,Dantewada,Chhattisgarh,191.74,17.42,170.46,6.85,0.47,0.46,5.2,1.21,7.44,27.0,72,130,2025-26,376,22,7
Kasoli,Dantewada,Chhattisgarh,181.88,12.79,243.42,6.83,0.51,0.28,5.4,0.68,5.58,27.0,72,130,2025-26,376,22,6
Kuakonda,Dantewada,Chhattisgarh,163.07,14.24,237.11,6.76,0.53,0.6,5.22,1.27,10.35,27.0,72,130,2025-26,376,22,2
Mangnar,Dantewada,Chhattisgarh,181.88,9.36,235.59,6.59,0.66,0.6,6.27,0.97,11.45,27.0,72,130,2025-26,376,22,4
Nerli,Dantewada,Chhattisgarh,215.75,8.94,233.23,6.55,0.66,0.24,5.18,1.4,6.48,27.0,72,130,2025-26,376,22,5
Porokameli,Dantewada,Chhattisgarh,263.42,8.87,275.32,6.5,0.79,0.4,5.3,0.68,12.1,27.0,72,130,2025-26,376,22,1
Salnar,Dantewada,Chhattisgarh,198.77,13.18,173.25,6.8,0.44,0.28,6.67,0.83,7.16,27.0,72,130,2025-26,376,22,13
Surnar,Dantewada,Chhattisgarh,200.7,13.13,261.87,6.53,0.8,0.85,4.88,1.2,7.97,27.0,72,130,2025-26,376,22,31
Bagtarai,Dhamtari,Chhattisgarh,307.19,16.81,337.6,6.6,0.56,0.54,33.35,0.51,13.29,27.0,72,130,2024-25,377,22,21
Banspani,Dhamtari,Chhattisgarh,369.48,14.77,345.21,6.84,0.56,0.46,26.09,0.8,15.7,27.0,72,130,2024-25,377,22,27
Beloura,Dhamtari,Chhattisgarh,182.75,28.27,165.5,6.59,0.3,0.92,27.2,1.38,30.45,27.0,72,130,2024-25,377,22,4
Bhaisbod,Dhamtari,Chhattisgarh,286.49,24.98,290.54,6.76,0.63,0.46,31.22,0.61,10.4,27.0,72,130,2024-25,377,22,53
Bhursidongri,Dhamtari,Chhattisgarh,268.41,23.83,399.66,6.81,0.54,0.49,26.81,0.49,12.23,27.0,72,130,2024-25,377,22,61
Dhimar Tikur,Dhamtari,Chhattisgarh,285.5,32.52,183.68,6.7,0.59,0.35,38.78,0.88,15.75,27.0,72,130,2024-25,377,22,12
Gatapar,Dhamtari,Chhattisgarh,339.0,10.8,551.04,7.14,0.74,0.12,21.96,0.76,4.0,27.0,72,130,2024-25,377,22,1
Goji,Dhamtari,Chhattisgarh,253.85,24.88,350.47,6.81,0.55,0.49,33.31,0.71,11.38,27.0,72,130,2024-25,377,22,13
Gorsanala,Dhamtari,Chhattisgarh,356.67,11.49,343.54,6.95,0.58,0.46,17.91,0.5,10.75,27.0,72,130,2024-25,377,22,12
Kallemeta,Dhamtari,Chhattisgarh,289.0,6.3,324.8,7.3,0.38,0.19,12.71,0.29,10.0,27.0,72,130,2024-25,377,22,1
Kaspur Ryt,Dhamtari,Chhattisgarh,259.58,12.58,250.23,6.81,0.62,0.4,19.71,0.38,13.61,27.0,72,130,2024-25,377,22,36
Khamhariya,Dhamtari,Chhattisgarh,186.99,96.44,253.61,7.27,0.69,0.4,30.41,0.41,14.62,27.0,72,130,2024-25,377,22,16
Kharka,Dhamtari,Chhattisgarh,314.1,8.79,318.94,6.56,0.5,0.47,29.66,0.57,10.76,27.0,72,130,2024-25,377,22,25
Khursenga,Dhamtari,Chhattisgarh,263.5,24.2,413.0,7.02,0.36,0.43,20.25,0.92,12.5,27.0,72,130,2024-25,377,22,4
Mandraud,Dhamtari,Chhattisgarh,300.09,29.14,290.89,6.96,0.66,0.51,20.87,2.5,13.27,27.0,72,130,2024-25,377,22,11
Sarbada,Dhamtari,Chhattisgarh,340.0,17.5,410.25,6.53,0.69,0.13,21.56,0.95,31.0,27.0,72,130,2024-25,377,22,1
Sargi,Dhamtari,Chhattisgarh,418.33,35.2,259.09,5.93,0.51,0.17,22.33,1.38,19.33,27.0,72,130,2024-25,377,22,3
Silouti,Dhamtari,Chhattisgarh,389.0,37.6,463.68,7.17,0.44,0.25,33.28,1.12,14.0,27.0,72,130,2024-25,377,22,1
Birjapur,Durg,Chhattisgarh,451.58,18.14,437.36,7.8,0.86,0.52,31.58,1.35,19.06,27.0,72,130,2025-26,378,22,4
Chirpoti,Durg,Chhattisgarh,525.06,16.51,294.24,6.4,0.79,0.51,24.57,1.42,17.5,27.0,72,130,2025-26,378,22,7
Jamgaon,Durg,Chhattisgarh,439.04,26.88,295.68,6.2,0.85,0.5,24.18,1.75,26.25,27.0,72,130,2025-26,378,22,1
Jarvay,Durg,Chhattisgarh,445.31,18.73,369.82,7.12,0.87,0.54,19.45,2.67,16.38,27.0,72,130,2025-26,378,22,10
Kharra,Durg,Chhattisgarh,225.79,8.06,362.88,8.09,0.43,0.5,11.87,1.8,22.5,27.0,72,130,2025-26,378,22,1
Matia,Durg,Chhattisgarh,471.65,9.67,416.19,7.86,0.52,0.42,7.7,1.28,28.25,27.0,72,130,2025-26,378,22,5
Mohlai,Durg,Chhattisgarh,489.22,23.3,357.28,6.75,0.77,0.5,17.33,1.06,14.38,27.0,72,130,2025-26,378,22,2
Mohrenga,Durg,Chhattisgarh,494.23,14.15,412.38,6.06,0.63,0.51,20.61,1.81,20.5,27.0,72,130,2025-26,378,22,10
Mudpar,Durg,Chhattisgarh,435.42,19.16,379.08,7.22,0.51,0.55,20.46,1.68,17.87,27.0,72,130,2025-26,378,22,34
Achchha-Chhadka,Gariyaband,Chhattisgarh,213.16,14.25,284.37,5.73,0.54,0.73,14.69,0.46,8.81,27.0,72,130,2025-26,645,22,1
Akalwara,Gariyaband,Chhattisgarh,185.02,12.08,282.65,5.96,0.56,0.84,19.14,0.65,8.71,27.0,72,130,2025-26,645,22,4
Farsara,Gariyaband,Chhattisgarh,194.71,12.99,297.95,6.33,0.68,0.88,19.87,0.79,9.36,27.0,72,130,2025-26,645,22,17
Ghataud,Gariyaband,Chhattisgarh,178.16,13.25,300.16,5.91,0.48,0.81,16.0,0.58,8.9,27.0,72,130,2025-26,645,22,10
Kaitpadar,Gariyaband,Chhattisgarh,175.62,11.78,317.77,6.11,0.57,0.71,23.1,0.78,9.09,27.0,72,130,2025-26,645,22,2
Matia,Gariyaband,Chhattisgarh,171.43,13.96,324.31,6.37,0.64,0.86,17.69,0.79,10.58,27.0,72,130,2025-26,645,22,3
Phuljhar,Gariyaband,Chhattisgarh,172.0,13.39,317.93,6.02,0.55,0.9,19.37,0.65,9.39,27.0,72,130,2025-26,645,22,7
Sankara,Gariyaband,Chhattisgarh,181.67,13.29,320.42,6.02,0.53,0.82,19.2,0.63,9.61,27.0,72,130,2025-26,645,22,31
Bisesara,Gaurella Pendra Marwahi,Chhattisgarh,258.67,11.98,211.67,6.13,0.69,6.33,14.91,0.53,4.58,27.0,72,130,2023-24,734,22,3
Gourkheda,Gaurella Pendra Marwahi,Chhattisgarh,309.0,13.2,417.67,5.75,0.86,7.0,11.61,0.78,7.5,27.0,72,130,2023-24,734,22,3
Gummatola,Gaurella Pendra Marwahi,Chhattisgarh,275.0,12.2,315.0,6.84,0.82,8.0,26.07,0.3,2.5,27.0,72,130,2023-24,734,22,1
Jhagra Khand,Gaurella Pendra Marwahi,Chhattisgarh,285.07,19.07,324.07,6.97,0.83,7.14,25.74,1.1,511.25,27.0,72,130,2023-24,734,22,14
Pandri,Gaurella Pendra Marwahi,Chhattisgarh,250.5,31.61,290.83,6.87,0.68,7.0,7.63,1.29,10.62,27.0,72,130,2023-24,734,22,6
Sadhwani,Gaurella Pendra Marwahi,Chhattisgarh,265.0,16.0,350.0,6.5,0.3,0.23,0.1,0.2,0.5,27.0,72,130,2023-24,734,22,1
Sakola,Gaurella Pendra Marwahi,Chhattisgarh,218.5,11.71,326.5,5.65,0.44,7.5,25.22,1.75,7.5,27.0,72,130,2023-24,734,22,2
Sonbacharwar,Gaurella Pendra Marwahi,Chhattisgarh,313.0,18.93,421.0,6.38,0.9,9.0,6.81,0.21,10.0,27.0,72,130,2023-24,734,22,1
Tendumuda,Gaurella Pendra Marwahi,Chhattisgarh,284.0,16.58,294.5,7.06,0.82,7.2,25.66,1.25,6.12,27.0,72,130,2023-24,734,22,10
Usarh,Gaurella Pendra Marwahi,Chhattisgarh,188.0,16.86,588.0,6.53,0.4,8.0,0.44,0.56,3.75,27.0,72,130,2023-24,734,22,1
Bhadra,Janjgir-Champa,Chhattisgarh,209.89,15.86,230.77,6.84,5.22,1.14,12.42,0.61,22.0,27.0,72,130,2024-25,379,22,7
Bilari,Janjgir-Champa,Chhattisgarh,223.23,14.54,252.33,6.49,0.46,1.31,20.29,0.74,36.11,27.0,72,130,2024-25,379,22,32
Deorani,Janjgir-Champa,Chhattisgarh,204.7,21.74,234.04,5.88,0.43,1.58,17.73,0.65,25.06,27.0,72,130,2024-25,379,22,20
Dhaneli,Janjgir-Champa,Chhattisgarh,175.8,20.7,227.7,6.0,0.54,1.0,20.17,0.25,16.8,27.0,72,130,2024-25,379,22,1
Hardibisal,Janjgir-Champa,Chhattisgarh,188.35,21.1,234.1,6.25,0.18,1.0,35.45,1.01,33.6,27.0,72,130,2024-25,379,22,2
Kansa,Janjgir-Champa,Chhattisgarh,186.5,18.98,190.4,6.26,0.29,2.0,20.06,0.46,21.6,27.0,72,130,2024-25,379,22,7
Kotgarh,Janjgir-Champa,Chhattisgarh,233.56,18.68,268.6,5.78,0.53,1.6,17.7,0.94,27.44,27.0,72,130,2024-25,379,22,5
Nawapara,Janjgir-Champa,Chhattisgarh,218.33,18.01,222.59,7.13,0.53,1.39,18.98,0.63,27.22,27.0,72,130,2024-25,379,22,18
Pachari,Janjgir-Champa,Chhattisgarh,236.13,27.34,279.22,6.58,0.45,1.57,16.56,0.49,19.9,27.0,72,130,2024-25,379,22,37
Pakariya,Janjgir-Champa,Chhattisgarh,203.28,13.98,250.17,6.37,0.62,1.53,17.48,1.41,26.5,27.0,72,130,2024-25,379,22,79
Parsahi (Bana),Janjgir-Champa,Chhattisgarh,221.82,16.5,248.83,6.18,0.54,1.6,19.42,0.95,19.04,27.0,72,130,2024-25,379,22,15
Rasauta,Janjgir-Champa,Chhattisgarh,164.09,20.34,245.96,6.42,0.52,1.21,17.99,1.63,27.26,27.0,72,130,2024-25,379,22,14
Soniyapat,Janjgir-Champa,Chhattisgarh,194.65,14.75,253.75,6.85,0.49,2.5,36.14,0.8,18.2,27.0,72,130,2024-25,379,22,2
Tendubhata,Janjgir-Champa,Chhattisgarh,200.9,14.4,219.6,5.9,0.54,1.0,31.34,0.3,33.6,27.0,72,130,2024-25,379,22,1
Bahenatangar,Jashpur,Chhattisgarh,344.62,6.98,317.8,5.63,0.27,0.62,5.23,0.33,0.57,27.0,72,130,2024-25,380,22,21
Chhera Ghoghra,Jashpur,Chhattisgarh,262.68,8.17,398.78,5.81,0.35,0.6,5.55,0.4,0.98,27.0,72,130,2024-25,380,22,17
Chongribahar,Jashpur,Chhattisgarh,282.23,7.73,392.37,5.7,0.32,0.6,6.02,0.3,0.99,27.0,72,130,2024-25,380,22,6
Gamhariya,Jashpur,Chhattisgarh,238.4,7.56,392.94,5.88,0.41,0.6,5.3,0.29,0.94,27.0,72,130,2024-25,380,22,4
Gattibuda,Jashpur,Chhattisgarh,215.46,7.67,320.83,5.88,0.34,0.66,5.36,0.4,1.2,27.0,72,130,2024-25,380,22,17
Gorya Toli,Jashpur,Chhattisgarh,226.29,6.64,279.34,5.54,0.3,0.61,5.35,0.35,0.77,27.0,72,130,2024-25,380,22,44
Haldimunda,Jashpur,Chhattisgarh,188.16,5.6,338.0,5.89,0.35,0.6,5.21,0.51,1.06,27.0,72,130,2024-25,380,22,1
Jumai Kela,Jashpur,Chhattisgarh,225.8,7.06,338.0,5.03,0.18,0.5,4.63,0.25,0.73,27.0,72,130,2024-25,380,22,1
Kardega,Jashpur,Chhattisgarh,163.07,9.52,402.08,6.07,0.35,0.5,6.08,0.36,1.13,27.0,72,130,2024-25,380,22,2
Khuntapani,Jashpur,Chhattisgarh,250.88,10.6,293.68,5.99,0.28,0.7,5.62,0.44,1.13,27.0,72,130,2024-25,380,22,1
Natkela,Jashpur,Chhattisgarh,376.3,7.54,338.0,5.63,0.43,0.5,5.32,0.27,0.62,27.0,72,130,2024-25,380,22,1
Nawapara,Jashpur,Chhattisgarh,265.32,7.33,341.52,5.7,0.42,0.68,5.08,0.29,0.53,27.0,72,130,2024-25,380,22,6
Rengola,Jashpur,Chhattisgarh,335.83,7.09,153.0,4.89,0.31,0.6,5.56,0.35,0.82,27.0,72,130,2024-25,380,22,11
Saraipani,Jashpur,Chhattisgarh,316.24,7.65,317.41,5.85,0.22,0.56,5.47,0.3,0.85,27.0,72,130,2024-25,380,22,5
Sirimkela,Jashpur,Chhattisgarh,355.36,7.37,315.95,5.5,0.26,0.58,5.36,0.31,0.65,27.0,72,130,2024-25,380,22,26
Surjula,Jashpur,Chhattisgarh,275.5,7.42,314.13,5.86,0.28,0.57,5.35,0.35,0.9,27.0,72,130,2024-25,380,22,83
Belmunda,Kabirdham,Chhattisgarh,318.98,19.54,476.4,7.3,0.57,1.68,8.53,1.31,4.07,27.0,72,130,2025-26,382,22,14
Bhedali,Kabirdham,Chhattisgarh,267.6,18.51,444.86,7.43,0.71,1.13,26.76,1.02,5.42,27.0,72,130,2025-26,382,22,3
Dashrangpur,Kabirdham,Chhattisgarh,344.96,16.35,503.52,7.35,0.38,3.78,6.64,0.76,7.5,27.0,72,130,2025-26,382,22,4
Dongaria Khurd,Kabirdham,Chhattisgarh,382.36,18.01,500.25,7.55,0.57,2.14,9.49,0.86,7.18,27.0,72,130,2025-26,382,22,27
Kadkada,Kabirdham,Chhattisgarh,380.49,17.63,568.7,7.4,0.55,2.55,7.46,0.86,7.2,27.0,72,130,2025-26,382,22,21
Albeda,Kanker,Chhattisgarh,307.71,14.86,239.14,6.12,0.37,1.54,42.68,0.36,23.0,27.0,72,130,2025-26,381,22,7
Gad Pichhawadi,Kanker,Chhattisgarh,200.0,16.0,285.0,5.36,0.03,1.2,29.35,0.49,10.0,27.0,72,130,2025-26,381,22,1
Kirgapati,Kanker,Chhattisgarh,305.38,15.5,290.75,5.81,0.47,1.48,36.97,0.39,22.5,27.0,72,130,2025-26,381,22,8
Malgaon,Kanker,Chhattisgarh,269.33,16.83,266.5,6.1,0.62,1.52,40.36,0.36,21.17,27.0,72,130,2025-26,381,22,6
Markatola(Fatechand),Kanker,Chhattisgarh,258.0,14.87,231.8,5.86,0.4,1.43,42.73,0.43,14.0,27.0,72,130,2025-26,381,22,15
Matwada(Modi),Kanker,Chhattisgarh,259.75,11.25,256.5,5.92,0.67,2.08,39.66,0.32,20.5,27.0,72,130,2025-26,381,22,4
Pandripani (Og),Kanker,Chhattisgarh,338.0,10.0,242.0,7.59,0.07,2.04,59.72,0.17,15.0,27.0,72,130,2025-26,381,22,1
Badedongar,Kondagaon,Chhattisgarh,261.71,86.4,145.89,6.28,0.53,0.64,6.71,0.41,19.11,27.0,72,130,2024-25,643,22,7
Baderajpur,Kondagaon,Chhattisgarh,200.88,6.27,115.36,7.26,0.48,0.45,4.53,0.27,20.0,27.0,72,130,2024-25,643,22,1
Badwar,Kondagaon,Chhattisgarh,272.14,11.32,254.18,6.63,0.57,0.57,3.6,0.21,19.08,27.0,72,130,2024-25,643,22,19
Baniyagaon,Kondagaon,Chhattisgarh,194.43,17.02,166.88,5.33,0.52,0.55,5.26,0.51,26.88,27.0,72,130,2024-25,643,22,2
Batrali,Kondagaon,Chhattisgarh,253.04,9.09,354.8,7.61,0.6,0.35,2.17,0.2,23.53,27.0,72,130,2024-25,643,22,14
Bayalpur,Kondagaon,Chhattisgarh,287.86,9.3,362.93,6.73,0.57,0.5,3.76,0.25,17.92,27.0,72,130,2024-25,643,22,21
Bhagdeva,Kondagaon,Chhattisgarh,259.39,42.11,249.31,6.5,0.54,0.7,6.62,0.32,29.75,27.0,72,130,2024-25,643,22,5
Dhondra,Kondagaon,Chhattisgarh,239.0,13.04,225.93,6.64,0.56,0.58,3.53,0.23,21.04,27.0,72,130,2024-25,643,22,18
Hadigaon,Kondagaon,Chhattisgarh,357.49,13.89,269.36,6.74,0.52,0.5,5.66,0.46,8.12,27.0,72,130,2024-25,643,22,2
Kibada,Kondagaon,Chhattisgarh,225.3,13.91,212.64,6.94,0.55,0.57,4.26,0.26,21.49,27.0,72,130,2024-25,643,22,41
Kokodi,Kondagaon,Chhattisgarh,200.54,43.56,257.83,6.81,0.65,0.45,5.09,0.31,13.06,27.0,72,130,2024-25,643,22,12
Manjhiathagaon,Kondagaon,Chhattisgarh,229.8,86.21,226.7,6.2,0.47,0.69,6.73,0.34,20.59,27.0,72,130,2024-25,643,22,81
Masora,Kondagaon,Chhattisgarh,220.34,41.72,263.31,6.27,0.59,0.72,6.32,0.3,20.16,27.0,72,130,2024-25,643,22,16
Mirminda,Kondagaon,Chhattisgarh,253.13,17.17,377.07,6.42,0.52,0.69,3.06,0.38,16.17,27.0,72,130,2024-25,643,22,6
Odargaon,Kondagaon,Chhattisgarh,250.92,28.22,354.51,6.37,0.42,0.4,3.59,0.19,20.58,27.0,72,130,2024-25,643,22,6
Pitechuwa,Kondagaon,Chhattisgarh,272.38,46.98,247.52,6.39,0.55,0.56,4.44,0.29,22.32,27.0,72,130,2024-25,643,22,7
Pusapal,Kondagaon,Chhattisgarh,222.72,21.51,143.64,6.69,0.6,0.51,4.0,0.17,13.44,27.0,72,130,2024-25,643,22,4
Puspal,Kondagaon,Chhattisgarh,200.7,51.97,270.48,6.21,0.57,0.4,5.6,0.16,14.38,27.0,72,130,2024-25,643,22,2
Sidhawand,Kondagaon,Chhattisgarh,231.44,5.53,200.48,6.78,0.61,0.63,3.94,0.24,20.0,27.0,72,130,2024-25,643,22,12
Singarpuri,Kondagaon,Chhattisgarh,233.01,102.59,224.71,6.28,0.58,0.47,6.06,0.28,22.53,27.0,72,130,2024-25,643,22,10
Sonpur,Kondagaon,Chhattisgarh,219.52,10.48,140.37,6.65,0.5,0.59,3.41,0.24,20.42,27.0,72,130,2024-25,643,22,12
Amali Bhauna,Korba,Chhattisgarh,137.49,62.23,282.29,6.19,0.35,2.29,56.33,0.85,14.45,27.0,72,130,2024-25,383,22,43
Amhawa,Korba,Chhattisgarh,118.9,16.92,300.8,6.24,0.4,1.67,15.07,0.97,6.57,27.0,72,130,2024-25,383,22,10
Badebanka,Korba,Chhattisgarh,135.67,14.39,282.0,6.2,0.48,2.58,19.22,0.59,8.7,27.0,72,130,2024-25,383,22,6
Bhalpahri,Korba,Chhattisgarh,75.0,16.3,246.0,6.0,0.15,1.55,14.66,0.15,6.12,27.0,72,130,2024-25,383,22,1
Chiknipali,Korba,Chhattisgarh,138.67,16.84,270.92,6.08,6.88,2.07,18.3,0.45,7.18,27.0,72,130,2024-25,383,22,12
Deopahri,Korba,Chhattisgarh,126.15,38.0,276.26,6.18,0.38,2.99,18.64,1.08,7.07,27.0,72,130,2024-25,383,22,81
Devlapath,Korba,Chhattisgarh,121.57,17.34,282.0,6.16,0.42,2.43,19.07,1.27,7.77,27.0,72,130,2024-25,383,22,14
Dhanras,Korba,Chhattisgarh,140.23,17.45,278.86,6.14,0.32,2.69,16.85,0.82,10.5,27.0,72,130,2024-25,383,22,22
Kanberi,Korba,Chhattisgarh,137.64,16.97,290.43,6.29,0.58,2.96,17.46,0.91,7.76,27.0,72,130,2024-25,383,22,14
Katkona,Korba,Chhattisgarh,150.94,16.94,301.47,6.25,0.53,1.65,19.55,0.27,7.76,27.0,72,130,2024-25,383,22,17
Labed,Korba,Chhattisgarh,133.11,17.85,293.89,6.28,0.41,2.46,18.48,0.83,6.51,27.0,72,130,2024-25,383,22,27
Mudali,Korba,Chhattisgarh,119.0,20.74,268.5,5.7,0.22,3.85,16.5,2.02,5.29,27.0,72,130,2024-25,383,22,2
Navapara,Korba,Chhattisgarh,135.28,16.23,283.04,6.1,0.97,2.3,17.15,0.97,7.41,27.0,72,130,2024-25,383,22,25
Pachra,Korba,Chhattisgarh,139.0,15.47,263.8,6.1,0.36,2.9,18.24,0.72,9.71,27.0,72,130,2024-25,383,22,10
Pahanda,Korba,Chhattisgarh,288.0,20.86,246.0,6.2,0.82,2.87,14.66,0.26,6.12,27.0,72,130,2024-25,383,22,1
Pakariya,Korba,Chhattisgarh,144.0,17.02,246.0,6.45,0.22,1.27,13.5,0.19,5.0,27.0,72,130,2024-25,383,22,2
Parla,Korba,Chhattisgarh,116.0,18.02,251.75,6.12,0.22,1.72,16.32,0.25,6.25,27.0,72,130,2024-25,383,22,4
Rahadih,Korba,Chhattisgarh,139.95,15.98,288.29,6.24,0.41,2.67,18.68,0.95,8.5,27.0,72,130,2024-25,383,22,63
Rampur,Korba,Chhattisgarh,169.0,15.29,244.0,6.15,0.45,4.56,14.82,1.16,16.2,27.0,72,130,2024-25,383,22,2
Sendripali,Korba,Chhattisgarh,112.75,15.9,321.75,6.1,0.34,1.7,19.57,1.0,6.01,27.0,72,130,2024-25,383,22,4
Solwa,Korba,Chhattisgarh,5825.94,16.42,280.85,6.32,0.42,1.67,18.57,0.27,9.95,27.0,72,130,2024-25,383,22,33
Talapar,Korba,Chhattisgarh,163.0,12.4,269.0,6.2,0.75,1.7,25.33,0.25,4.75,27.0,72,130,2024-25,383,22,1
Unknown,Korea,Chhattisgarh,211.35,9.71,357.51,5.79,0.63,1.41,,0.78,17.1,27.0,72,130,2019-21,384,22,51
Achanakpur,Mahasamund,Chhattisgarh,206.0,14.76,233.6,5.97,0.47,1.42,16.73,0.77,14.82,27.0,72,130,2024-25,385,22,19
Ajagarkhar,Mahasamund,Chhattisgarh,213.25,17.92,425.48,6.42,0.54,1.3,22.92,0.5,16.25,27.0,72,130,2024-25,385,22,1
Barihapali,Mahasamund,Chhattisgarh,200.19,15.25,259.19,6.34,0.49,1.31,17.69,1.05,15.27,27.0,72,130,2024-25,385,22,193
Bhairopur,Mahasamund,Chhattisgarh,198.19,15.79,268.63,6.05,0.49,1.39,31.76,0.98,13.43,27.0,72,130,2024-25,385,22,45
Bhothaldih,Mahasamund,Chhattisgarh,196.52,14.93,241.1,6.05,0.45,1.2,16.4,0.54,14.17,27.0,72,130,2024-25,385,22,3
Bijarapali (Banjkata),Mahasamund,Chhattisgarh,225.79,17.02,320.43,5.91,0.43,1.7,36.5,1.84,17.5,27.0,72,130,2024-25,385,22,1
Bijatipali,Mahasamund,Chhattisgarh,167.25,14.04,244.01,5.72,0.66,1.0,67.52,1.05,10.42,27.0,72,130,2024-25,385,22,3
Bramhanpuri,Mahasamund,Chhattisgarh,270.62,13.44,302.73,5.96,0.46,1.0,31.46,0.46,16.25,27.0,72,130,2024-25,385,22,2
Chhirralewa,Mahasamund,Chhattisgarh,188.8,15.35,250.92,6.51,0.5,1.39,28.95,0.96,13.88,27.0,72,130,2024-25,385,22,39
Dewalbhatha,Mahasamund,Chhattisgarh,196.13,14.71,258.86,6.3,0.49,1.3,18.2,1.35,14.18,27.0,72,130,2024-25,385,22,138
Ghodari,Mahasamund,Chhattisgarh,213.25,17.35,246.44,6.3,0.47,1.23,25.81,1.15,12.5,27.0,72,130,2024-25,385,22,19
Haranadader,Mahasamund,Chhattisgarh,219.52,13.88,240.24,5.72,0.62,1.45,32.15,1.6,18.12,27.0,72,130,2024-25,385,22,2
Jhar Muda,Mahasamund,Chhattisgarh,203.6,16.4,274.4,6.31,0.48,1.35,27.1,0.78,12.31,27.0,72,130,2024-25,385,22,26
Junwani Kalan,Mahasamund,Chhattisgarh,199.81,17.07,321.54,6.15,0.56,1.3,24.89,1.56,13.78,27.0,72,130,2024-25,385,22,98
Lamkeni,Mahasamund,Chhattisgarh,175.62,17.02,213.8,5.9,0.66,1.6,45.22,1.08,17.5,27.0,72,130,2024-25,385,22,1
Mohandi (Mohadi),Mahasamund,Chhattisgarh,232.06,13.44,407.12,6.56,0.43,1.7,21.3,1.55,14.38,27.0,72,130,2024-25,385,22,2
Nartori,Mahasamund,Chhattisgarh,202.06,14.28,265.21,6.04,0.49,1.59,19.7,1.07,13.72,27.0,72,130,2024-25,385,22,193
Pankadih,Mahasamund,Chhattisgarh,205.72,14.16,304.88,5.81,0.6,1.69,18.45,1.68,16.12,27.0,72,130,2024-25,385,22,10
Parsadih,Mahasamund,Chhattisgarh,188.16,12.54,349.88,5.1,0.68,1.4,9.9,0.52,23.75,27.0,72,130,2024-25,385,22,1
Pirda,Mahasamund,Chhattisgarh,205.72,15.05,292.22,5.93,0.5,1.24,27.6,1.5,16.25,27.0,72,130,2024-25,385,22,5
Achanakmar,Mungeli,Chhattisgarh,385.68,17.22,349.53,7.33,0.42,4.72,4.88,0.92,12.04,27.0,72,130,2025-26,647,22,19
Atariya,Mungeli,Chhattisgarh,504.5,16.8,352.25,7.3,0.36,4.34,5.56,0.66,16.25,27.0,72,130,2025-26,647,22,4
Bindawal,Mungeli,Chhattisgarh,351.0,12.54,403.0,7.5,0.4,5.9,5.74,1.76,13.75,27.0,72,130,2025-26,647,22,1
Danawkhar,Mungeli,Chhattisgarh,404.74,14.05,389.32,7.27,0.44,4.97,5.2,1.43,11.12,27.0,72,130,2025-26,647,22,19
Jamkor,Mungeli,Chhattisgarh,395.07,17.33,333.27,7.29,0.44,4.93,5.53,1.58,11.62,27.0,72,130,2025-26,647,22,30
Sildaha,Mungeli,Chhattisgarh,445.67,18.24,266.75,7.34,0.5,1.83,8.76,1.07,12.08,27.0,72,130,2025-26,647,22,12
Chiprel,Narayanpur,Chhattisgarh,209.4,10.6,197.71,5.71,0.47,1.22,3.46,0.4,4.85,27.0,72,130,2024-25,637,22,44
Orchha,Narayanpur,Chhattisgarh,240.17,12.98,236.98,5.95,0.51,0.4,4.44,0.46,12.08,27.0,72,130,2024-25,637,22,55
Bhakurra,Raigarh,Chhattisgarh,269.7,8.95,177.54,5.75,0.5,13.5,34.05,1.05,9.17,27.0,72,130,2025-26,386,22,6
Charratangar,Raigarh,Chhattisgarh,290.6,9.27,135.15,6.65,0.54,16.0,32.69,0.31,10.0,27.0,72,130,2025-26,386,22,6
Garh Umariya,Raigarh,Chhattisgarh,278.06,7.27,145.6,6.68,0.56,11.5,32.92,0.15,7.29,27.0,72,130,2025-26,386,22,6
Gharghodi,Raigarh,Chhattisgarh,285.38,9.61,176.96,5.78,0.69,14.0,19.66,1.59,10.0,27.0,72,130,2025-26,386,22,4
Godhi Khurd,Raigarh,Chhattisgarh,244.61,18.6,188.16,6.4,0.37,15.5,45.4,0.16,11.88,27.0,72,130,2025-26,386,22,2
Kamarga,Raigarh,Chhattisgarh,288.51,6.81,197.44,6.5,0.64,16.0,20.13,0.42,36.25,27.0,72,130,2025-26,386,22,1
Kesharchunwa,Raigarh,Chhattisgarh,213.25,20.36,146.35,6.8,0.4,14.0,35.31,23.29,12.5,27.0,72,130,2025-26,386,22,3
Khardgaon,Raigarh,Chhattisgarh,279.1,10.15,150.64,6.8,0.52,14.75,32.75,0.79,9.06,27.0,72,130,2025-26,386,22,4
Khokhro Ama,Raigarh,Chhattisgarh,294.78,9.23,170.24,7.1,0.67,15.0,52.83,0.18,12.5,27.0,72,130,2025-26,386,22,2
Pandripani,Raigarh,Chhattisgarh,271.41,8.31,165.05,6.3,0.52,15.27,35.28,0.53,9.43,27.0,72,130,2025-26,386,22,11
Ranbhatha,Raigarh,Chhattisgarh,294.78,8.83,185.92,6.9,0.45,12.5,31.14,1.14,14.38,27.0,72,130,2025-26,386,22,2
Riyapali,Raigarh,Chhattisgarh,275.97,6.09,164.08,6.95,0.51,14.5,13.92,0.58,10.0,27.0,72,130,2025-26,386,22,2
Rumkera,Raigarh,Chhattisgarh,238.34,5.56,182.56,6.5,0.58,19.0,30.83,0.83,11.25,27.0,72,130,2025-26,386,22,1
Teram,Raigarh,Chhattisgarh,250.88,7.32,166.88,6.6,0.61,13.0,74.73,0.02,6.25,27.0,72,130,2025-26,386,22,1
Bhainsa,Raipur,Chhattisgarh,172.2,14.48,267.11,7.09,0.31,1.0,16.1,0.84,17.78,27.0,72,130,2025-26,387,22,22
Hatband,Raipur,Chhattisgarh,250.88,21.5,166.28,7.1,0.56,1.23,12.84,0.96,33.75,27.0,72,130,2025-26,387,22,1
Kendri,Raipur,Chhattisgarh,163.07,16.12,159.04,6.6,0.65,1.0,20.11,0.82,26.25,27.0,72,130,2025-26,387,22,1
Konari,Raipur,Chhattisgarh,225.79,17.02,209.32,6.7,0.61,1.31,11.43,0.9,27.81,27.0,72,130,2025-26,387,22,4
Nimora-2 (Nimora),Raipur,Chhattisgarh,185.65,8.59,99.46,6.92,0.33,1.2,13.28,0.77,19.5,27.0,72,130,2025-26,387,22,5
Reewa,Raipur,Chhattisgarh,169.34,11.13,107.24,6.75,0.32,1.0,14.69,0.8,21.88,27.0,72,130,2025-26,387,22,4
Seoni-2 (Seoni),Raipur,Chhattisgarh,140.49,11.47,267.18,6.88,0.44,1.8,16.97,0.76,17.25,27.0,72,130,2025-26,387,22,5
Tekari-1 (Tekari),Raipur,Chhattisgarh,112.89,5.37,154.56,6.6,0.35,3.0,16.31,0.96,25.0,27.0,72,130,2025-26,387,22,1
Anko,Rajnandgaon,Chhattisgarh,192.8,10.1,76.83,7.42,0.55,0.79,39.36,0.29,7.46,27.0,72,130,2025-26,388,22,5
Ari,Rajnandgaon,Chhattisgarh,172.58,5.21,184.76,7.07,0.86,2.11,15.58,0.62,7.56,27.0,72,130,2025-26,388,22,19
Bhondiya,Rajnandgaon,Chhattisgarh,200.5,7.22,132.4,6.9,0.14,4.34,8.06,0.25,15.07,27.0,72,130,2025-26,388,22,2
Dhamansara,Rajnandgaon,Chhattisgarh,187.71,9.59,199.0,6.64,0.69,1.11,8.8,0.42,5.91,27.0,72,130,2025-26,388,22,7
Dumardeeh Khurd,Rajnandgaon,Chhattisgarh,178.9,10.12,274.93,7.04,0.36,1.03,21.45,0.53,17.19,27.0,72,130,2025-26,388,22,10
Godalwahi,Rajnandgaon,Chhattisgarh,198.7,6.53,77.36,6.86,0.47,1.15,53.02,0.9,7.83,27.0,72,130,2025-26,388,22,20
Kirgi,Rajnandgaon,Chhattisgarh,171.4,10.9,61.39,7.08,0.68,1.27,10.36,0.51,12.69,27.0,72,130,2025-26,388,22,20
Pathandodgi,Rajnandgaon,Chhattisgarh,219.0,10.42,175.25,7.65,0.49,0.99,29.89,0.84,13.12,27.0,72,130,2025-26,388,22,2
Thakur Tola,Rajnandgaon,Chhattisgarh,100.0,8.68,47.6,7.3,0.98,1.79,19.48,0.57,8.32,27.0,72,130,2025-26,388,22,2
Andi,Sakti,Chhattisgarh,225.0,13.38,337.74,6.32,0.62,1.33,4.8,0.68,6.38,27.0,72,130,2024-25,762,22,1
Bhajpur,Sakti,Chhattisgarh,137.5,9.37,256.9,5.2,0.53,1.14,3.79,0.85,6.42,27.0,72,130,2024-25,762,22,2
Deogaon,Sakti,Chhattisgarh,225.0,13.51,307.58,6.13,0.22,1.17,6.31,1.02,4.74,27.0,72,130,2024-25,762,22,7
Deorimath,Sakti,Chhattisgarh,182.5,6.24,208.4,6.76,0.57,1.89,9.34,0.81,6.53,27.0,72,130,2024-25,762,22,2
Dumarpara,Sakti,Chhattisgarh,161.25,12.4,187.82,6.41,0.49,0.92,4.59,0.57,6.05,27.0,72,130,2024-25,762,22,10
Gudaroo Kala,Sakti,Chhattisgarh,87.5,156.99,636.85,6.66,0.97,0.11,8.32,0.49,3.96,27.0,72,130,2024-25,762,22,1
Jajang,Sakti,Chhattisgarh,196.25,27.03,29.38,6.47,0.16,0.78,5.15,0.73,4.87,27.0,72,130,2024-25,762,22,10
Khaira,Sakti,Chhattisgarh,146.34,28.45,236.81,6.43,0.38,1.1,5.51,0.63,15.98,27.0,72,130,2024-25,762,22,17
Mukta,Sakti,Chhattisgarh,256.25,18.72,250.61,6.12,0.83,1.61,4.71,0.78,3.25,27.0,72,130,2024-25,762,22,2
Pota,Sakti,Chhattisgarh,126.88,16.33,356.77,6.53,1.03,1.54,5.42,0.74,5.4,27.0,72,130,2024-25,762,22,16
Amlidih,Sarangarh Bilaigarh,Chhattisgarh,215.75,20.9,382.87,6.67,0.36,0.4,17.88,0.54,30.7,27.0,72,130,2024-25,763,22,9
Balaudi,Sarangarh Bilaigarh,Chhattisgarh,216.63,16.46,194.79,6.82,1.18,0.47,9.81,1.38,32.11,27.0,72,130,2024-25,763,22,38
Barpali,Sarangarh Bilaigarh,Chhattisgarh,163.67,19.77,284.48,5.83,0.43,0.1,32.01,0.4,23.75,27.0,72,130,2024-25,763,22,1
Behara Bahal,Sarangarh Bilaigarh,Chhattisgarh,238.88,17.06,327.28,6.83,0.47,0.42,9.97,0.59,30.81,27.0,72,130,2024-25,763,22,23
Churela,Sarangarh Bilaigarh,Chhattisgarh,209.07,20.01,431.47,6.49,0.45,0.53,11.66,0.48,22.92,27.0,72,130,2024-25,763,22,3
Dongripali,Sarangarh Bilaigarh,Chhattisgarh,225.79,17.02,196.6,5.92,0.26,0.3,4.5,0.38,28.75,27.0,72,130,2024-25,763,22,1
Gatadih,Sarangarh Bilaigarh,Chhattisgarh,215.62,20.33,378.87,5.85,0.47,0.52,13.08,0.49,32.03,27.0,72,130,2024-25,763,22,16
Ghathora,Sarangarh Bilaigarh,Chhattisgarh,239.1,15.45,367.08,6.97,0.47,0.38,11.67,0.7,32.07,27.0,72,130,2024-25,763,22,24
Gindola,Sarangarh Bilaigarh,Chhattisgarh,221.61,19.41,371.09,6.69,0.38,0.17,25.41,0.32,24.17,27.0,72,130,2024-25,763,22,3
Kanthipali,Sarangarh Bilaigarh,Chhattisgarh,205.26,19.37,410.11,6.66,0.32,0.41,11.37,0.34,27.16,27.0,72,130,2024-25,763,22,11
Kargipali,Sarangarh Bilaigarh,Chhattisgarh,275.97,20.38,293.44,6.91,0.56,0.22,7.93,0.51,30.94,27.0,72,130,2024-25,763,22,4
Khajari,Sarangarh Bilaigarh,Chhattisgarh,181.17,28.67,482.08,7.12,0.4,0.36,4.45,0.35,45.56,27.0,72,130,2024-25,763,22,9
Laladhurwa,Sarangarh Bilaigarh,Chhattisgarh,190.26,19.26,383.97,6.94,0.44,0.4,7.85,0.39,30.42,27.0,72,130,2024-25,763,22,6
Tamtora,Sarangarh Bilaigarh,Chhattisgarh,258.04,15.9,299.68,6.66,0.57,0.32,11.88,0.59,24.55,27.0,72,130,2024-25,763,22,14
Argatta,Sukma,Chhattisgarh,217.46,15.78,276.4,6.35,0.59,0.62,23.08,0.72,22.46,27.0,72,130,2024-25,642,22,28
Bagdeguda,Sukma,Chhattisgarh,168.85,21.83,237.04,6.72,0.59,0.55,5.92,0.45,6.63,27.0,72,130,2024-25,642,22,12
Chikaras,Sukma,Chhattisgarh,178.34,23.66,248.66,6.81,0.58,0.57,4.91,0.44,6.45,27.0,72,130,2024-25,642,22,9
Chikpal,Sukma,Chhattisgarh,174.02,12.98,287.51,6.65,0.67,0.54,12.44,0.78,12.88,27.0,72,130,2024-25,642,22,3
Chipurpal,Sukma,Chhattisgarh,209.71,17.49,244.52,5.63,0.55,0.52,5.49,0.44,0.51,27.0,72,130,2024-25,642,22,36
Dodpal,Sukma,Chhattisgarh,238.41,15.9,219.52,6.94,0.49,0.49,5.2,0.41,0.51,27.0,72,130,2024-25,642,22,1
Kerlapal,Sukma,Chhattisgarh,205.13,16.62,232.26,5.79,0.52,0.53,5.29,0.41,0.52,27.0,72,130,2024-25,642,22,27
Kokalpal,Sukma,Chhattisgarh,180.38,20.07,174.09,6.37,0.65,0.54,12.36,0.82,26.0,27.0,72,130,2024-25,642,22,3
Pariya,Sukma,Chhattisgarh,171.3,23.95,241.26,6.82,0.6,0.55,5.81,0.45,7.05,27.0,72,130,2024-25,642,22,40
Phaidaguda,Sukma,Chhattisgarh,201.76,18.81,170.72,6.34,0.66,0.53,8.88,1.0,19.52,27.0,72,130,2024-25,642,22,11
Samsatti,Sukma,Chhattisgarh,168.97,24.28,238.1,6.77,0.6,0.54,5.03,0.45,7.3,27.0,72,130,2024-25,642,22,25
Anantpur,Surajpur,Chhattisgarh,188.16,12.54,180.0,5.5,0.47,0.7,8.1,1.0,25.2,27.0,72,130,2025-26,648,22,1
Banki,Surajpur,Chhattisgarh,221.61,14.93,226.67,5.83,0.52,0.8,9.83,0.83,25.87,27.0,72,130,2025-26,648,22,3
Belami,Surajpur,Chhattisgarh,199.13,12.54,195.88,5.76,0.54,0.71,11.66,0.74,22.57,27.0,72,130,2025-26,648,22,8
Chandarpur,Surajpur,Chhattisgarh,216.46,14.88,193.42,5.7,0.52,0.72,12.78,0.71,25.34,27.0,72,130,2025-26,648,22,31
Dandkarwan,Surajpur,Chhattisgarh,200.7,12.54,201.0,5.9,0.5,0.7,7.6,0.4,26.4,27.0,72,130,2025-26,648,22,1
Ghuidih,Surajpur,Chhattisgarh,238.33,13.44,162.3,6.8,0.54,0.55,14.5,0.85,24.0,27.0,72,130,2025-26,648,22,2
Gonda,Surajpur,Chhattisgarh,193.73,14.07,197.83,5.46,0.43,0.74,9.54,0.75,23.67,27.0,72,130,2025-26,648,22,18
Kamalpur Alias Kotmi,Surajpur,Chhattisgarh,192.34,14.33,193.67,5.77,0.51,0.7,14.3,0.8,27.37,27.0,72,130,2025-26,648,22,3
Khadgawan Kalan,Surajpur,Chhattisgarh,206.97,14.34,165.5,5.9,0.52,0.65,8.7,0.85,15.78,27.0,72,130,2025-26,648,22,2
Pampapur,Surajpur,Chhattisgarh,216.15,13.73,196.28,5.83,0.54,0.76,9.71,0.75,24.45,27.0,72,130,2025-26,648,22,39
Rampur,Surajpur,Chhattisgarh,210.46,14.03,194.83,5.73,0.52,0.74,12.83,0.68,29.29,27.0,72,130,2025-26,648,22,18
Telgaon,Surajpur,Chhattisgarh,200.7,12.54,177.5,5.7,0.52,0.8,10.85,0.7,25.8,27.0,72,130,2025-26,648,22,2
Bharatpur,Surguja,Chhattisgarh,100.28,13.8,240.65,4.7,0.42,0.64,40.8,0.51,26.65,27.0,72,130,2025-26,389,22,2
Bhusu,Surguja,Chhattisgarh,204.88,17.67,152.0,6.13,0.48,0.37,36.57,0.63,23.47,27.0,72,130,2025-26,389,22,3
Chakeri,Surguja,Chhattisgarh,146.27,12.8,204.6,4.07,0.59,0.8,28.07,0.47,24.97,27.0,72,130,2025-26,389,22,3
Chidapara,Surguja,Chhattisgarh,100.3,12.92,232.91,4.54,0.49,0.7,34.56,0.53,26.76,27.0,72,130,2025-26,389,22,9
Hansuli,Surguja,Chhattisgarh,156.75,13.4,192.2,4.53,0.66,0.72,37.72,0.42,27.3,27.0,72,130,2025-26,389,22,4
Jamira,Surguja,Chhattisgarh,238.9,14.52,271.71,5.66,0.61,0.66,25.94,0.48,26.14,27.0,72,130,2025-26,389,22,5
Keshma,Surguja,Chhattisgarh,106.19,12.65,374.3,4.15,1.01,0.65,45.3,0.36,26.75,27.0,72,130,2025-26,389,22,2
Khondhala,Surguja,Chhattisgarh,240.42,18.23,367.17,5.83,0.45,0.68,29.78,0.64,26.48,27.0,72,130,2025-26,389,22,6
Palgadhi,Surguja,Chhattisgarh,215.65,13.77,147.63,4.2,0.4,0.73,34.77,0.53,22.9,27.0,72,130,2025-26,389,22,32
Petla,Surguja,Chhattisgarh,235.78,18.62,164.88,5.15,0.47,0.68,37.44,0.58,24.84,27.0,72,130,2025-26,389,22,10
